﻿<?xml version="1.0" encoding="UTF-8" standalone="yes"?>
<addon id="plugin.video.nfl2go.nfl2go"
       name="NFL2GO"
       version="0.2"
       provider-name="NFL2GO">
  <requires>
    <import addon="xbmc.python" version="2.1.0"/>
    <import addon="script.module.xmltodict" version="0.2.0"/>
    <import addon="script.module.requests" version="2.3.0"/>
  </requires>
  <extension point="xbmc.python.pluginsource" library="default.py">
    <provides>video</provides>
  </extension>
  <extension point="xbmc.addon.metadata">
    <summary lang="en">NFL2GO</summary>
    <description lang="en">Watch NFL Football</description>
    <platform>all</platform>
    <language>en</language>
    <license></license>
    <source></source>
    <forum></forum>
    <disclaimer lang="en"></disclaimer>
  </extension>
</addon>
